timesteps,mean_reward
92,140.463656
93,140.463656
94,140.463656
95,140.463656
96,140.463656
97,140.463656
98,140.463656
99,140.463656
100,140.463656
101,140.463656
102,140.463656
103,140.463656
104,140.463656
105,140.463656
106,140.463656
107,140.463656
108,140.463656
109,140.463656
110,140.463656
111,140.463656
112,140.463656
113,140.463656
114,140.463656
115,140.463656
116,140.463656
117,140.463656
118,140.463656
119,140.463656
120,140.463656
121,140.463656
122,140.463656
123,140.463656
124,140.463656
125,140.463656
126,140.463656
127,140.463656
128,140.463656
129,140.463656
130,140.463656
131,140.463656
132,140.463656
133,140.463656
134,140.463656
135,140.463656
136,140.463656
137,140.463656
138,140.463656
139,140.463656
140,140.463656
141,140.463656
142,140.463656
143,140.463656
144,140.463656
145,140.463656
146,140.463656
147,140.463656
148,140.463656
149,140.463656
150,140.463656
151,140.463656
152,140.463656
153,140.463656
154,140.463656
155,140.463656
156,140.463656
157,140.463656
158,140.463656
159,140.463656
160,140.463656
161,140.463656
162,140.463656
163,140.463656
164,140.463656
165,140.463656
166,140.463656
167,140.463656
168,140.463656
169,140.463656
170,140.463656
171,140.463656
172,140.463656
173,140.463656
174,140.463656
175,140.463656
176,140.463656
177,140.463656
178,140.463656
179,140.463656
180,140.463656
181,140.463656
182,140.463656
183,140.463656
184,140.463656
185,140.463656
186,145.122708
187,145.122708
188,145.122708
189,145.122708
190,145.122708
191,145.122708
192,145.122708
193,145.122708
194,145.122708
195,145.122708
196,145.122708
197,145.122708
198,145.122708
199,145.122708
200,145.122708
201,145.122708
202,145.122708
203,145.122708
204,145.122708
205,145.122708
206,145.122708
207,145.122708
208,145.122708
209,145.122708
210,145.122708
211,145.122708
212,145.122708
213,145.122708
214,145.122708
215,145.122708
216,145.122708
217,145.122708
218,145.122708
219,145.122708
220,145.122708
221,145.122708
222,145.122708
223,145.122708
224,145.122708
225,145.122708
226,145.122708
227,145.122708
228,145.122708
229,145.122708
230,145.122708
231,145.122708
232,145.122708
233,145.122708
234,145.122708
235,145.122708
236,145.122708
237,145.122708
238,145.122708
239,145.122708
240,145.122708
241,145.122708
242,145.122708
243,145.122708
244,145.122708
245,145.122708
246,145.122708
247,145.122708
248,145.122708
249,145.122708
250,145.122708
251,145.122708
252,145.122708
253,145.122708
254,145.122708
255,145.122708
256,145.122708
257,145.122708
258,145.122708
259,145.122708
260,145.122708
261,145.122708
262,145.122708
263,145.122708
264,145.122708
265,145.122708
266,145.122708
267,145.122708
268,145.122708
269,145.122708
270,145.122708
271,145.122708
272,145.122708
273,145.122708
274,145.122708
275,145.122708
276,145.122708
277,145.122708
278,145.122708
279,145.122708
280,145.122708
281,145.122708
282,145.122708
283,145.122708
284,145.122708
285,145.122708
286,145.122708
287,151.27722833333334
288,151.27722833333334
289,151.27722833333334
290,151.27722833333334
291,151.27722833333334
292,151.27722833333334
293,151.27722833333334
294,151.27722833333334
295,151.27722833333334
296,151.27722833333334
297,151.27722833333334
298,151.27722833333334
299,151.27722833333334
300,151.27722833333334
301,151.27722833333334
302,151.27722833333334
303,151.27722833333334
304,151.27722833333334
305,151.27722833333334
306,151.27722833333334
307,151.27722833333334
308,151.27722833333334
309,151.27722833333334
310,151.27722833333334
311,151.27722833333334
312,151.27722833333334
313,151.27722833333334
314,151.27722833333334
315,151.27722833333334
316,151.27722833333334
317,151.27722833333334
318,151.27722833333334
319,151.27722833333334
320,151.27722833333334
321,151.27722833333334
322,151.27722833333334
323,151.27722833333334
324,151.27722833333334
325,151.27722833333334
326,151.27722833333334
327,151.27722833333334
328,151.27722833333334
329,151.27722833333334
330,151.27722833333334
331,151.27722833333334
332,151.27722833333334
333,151.27722833333334
334,151.27722833333334
335,151.27722833333334
336,151.27722833333334
337,151.27722833333334
338,151.27722833333334
339,151.27722833333334
340,151.27722833333334
341,151.27722833333334
342,151.27722833333334
343,151.27722833333334
344,151.27722833333334
345,151.27722833333334
346,151.27722833333334
347,151.27722833333334
348,151.27722833333334
349,151.27722833333334
350,151.27722833333334
351,151.27722833333334
352,151.27722833333334
353,151.27722833333334
354,151.27722833333334
355,151.27722833333334
356,151.27722833333334
357,151.27722833333334
358,151.27722833333334
359,151.27722833333334
360,151.27722833333334
361,151.27722833333334
362,151.27722833333334
363,151.27722833333334
364,151.27722833333334
365,151.27722833333334
366,151.27722833333334
367,151.27722833333334
368,151.27722833333334
369,151.27722833333334
370,151.27722833333334
371,151.27722833333334
372,151.27722833333334
373,151.27722833333334
374,151.27722833333334
375,151.27722833333334
376,151.27722833333334
377,151.27722833333334
378,151.27722833333334
379,151.27722833333334
380,151.27722833333334
381,151.27722833333334
382,151.27722833333334
383,151.27722833333334
384,151.27722833333334
385,151.27722833333334
386,151.27722833333334
387,151.27722833333334
388,151.27722833333334
389,151.27722833333334
390,151.27722833333334
391,155.2305565
392,155.2305565
393,155.2305565
394,155.2305565
395,155.2305565
396,155.2305565
397,155.2305565
398,155.2305565
399,155.2305565
400,155.2305565
401,155.2305565
402,155.2305565
403,155.2305565
404,155.2305565
405,155.2305565
406,155.2305565
407,155.2305565
408,155.2305565
409,155.2305565
410,155.2305565
411,155.2305565
412,155.2305565
413,155.2305565
414,155.2305565
415,155.2305565
416,155.2305565
417,155.2305565
418,155.2305565
419,155.2305565
420,155.2305565
421,155.2305565
422,155.2305565
423,155.2305565
424,155.2305565
425,155.2305565
426,155.2305565
427,155.2305565
428,155.2305565
429,155.2305565
430,155.2305565
431,155.2305565
432,155.2305565
433,155.2305565
434,155.2305565
435,155.2305565
436,155.2305565
437,155.2305565
438,155.2305565
439,155.2305565
440,155.2305565
441,155.2305565
442,155.2305565
443,155.2305565
444,155.2305565
445,155.2305565
446,155.2305565
447,155.2305565
448,155.2305565
449,155.2305565
450,155.2305565
451,155.2305565
452,155.2305565
453,155.2305565
454,155.2305565
455,155.2305565
456,155.2305565
457,155.2305565
458,155.2305565
459,155.2305565
460,155.2305565
461,155.2305565
462,155.2305565
463,155.2305565
464,155.2305565
465,155.2305565
466,155.2305565
467,155.2305565
468,155.2305565
469,155.2305565
470,155.2305565
471,155.2305565
472,155.2305565
473,155.2305565
474,155.2305565
475,155.2305565
476,155.2305565
477,155.2305565
478,155.2305565
479,155.2305565
480,155.2305565
481,155.2305565
482,155.2305565
483,155.2305565
484,155.2305565
485,155.2305565
486,155.2305565
487,155.2305565
488,155.2305565
489,155.2305565
490,155.2305565
491,155.2305565
492,155.2305565
493,155.2305565
494,155.2305565
495,155.2305565
496,155.2305565
497,155.2305565
498,155.2305565
499,155.2305565
500,155.2305565
501,160.13632280000002
502,160.13632280000002
503,160.13632280000002
504,160.13632280000002
505,160.13632280000002
506,160.13632280000002
507,160.13632280000002
508,160.13632280000002
509,160.13632280000002
510,160.13632280000002
511,160.13632280000002
512,160.13632280000002
513,160.13632280000002
514,160.13632280000002
515,160.13632280000002
516,160.13632280000002
517,160.13632280000002
518,160.13632280000002
519,160.13632280000002
520,160.13632280000002
521,160.13632280000002
522,160.13632280000002
523,160.13632280000002
524,160.13632280000002
525,160.13632280000002
526,160.13632280000002
527,160.13632280000002
528,160.13632280000002
529,160.13632280000002
530,160.13632280000002
531,160.13632280000002
532,160.13632280000002
533,160.13632280000002
534,160.13632280000002
535,160.13632280000002
536,160.13632280000002
537,160.13632280000002
538,160.13632280000002
539,160.13632280000002
540,160.13632280000002
541,160.13632280000002
542,160.13632280000002
543,160.13632280000002
544,160.13632280000002
545,160.13632280000002
546,160.13632280000002
547,160.13632280000002
548,160.13632280000002
549,160.13632280000002
550,160.13632280000002
551,160.13632280000002
552,160.13632280000002
553,160.13632280000002
554,160.13632280000002
555,160.13632280000002
556,160.13632280000002
557,160.13632280000002
558,160.13632280000002
559,160.13632280000002
560,160.13632280000002
561,160.13632280000002
562,160.13632280000002
563,160.13632280000002
564,160.13632280000002
565,160.13632280000002
566,160.13632280000002
567,160.13632280000002
568,160.13632280000002
569,160.13632280000002
570,160.13632280000002
571,160.13632280000002
572,160.13632280000002
573,160.13632280000002
574,160.13632280000002
575,160.13632280000002
576,160.13632280000002
577,160.13632280000002
578,160.13632280000002
579,160.13632280000002
580,160.13632280000002
581,160.13632280000002
582,160.13632280000002
583,160.13632280000002
584,160.13632280000002
585,160.13632280000002
586,160.13632280000002
587,160.13632280000002
588,160.13632280000002
589,160.13632280000002
590,160.13632280000002
591,160.13632280000002
592,160.13632280000002
593,157.62227183333334
594,157.62227183333334
595,157.62227183333334
596,157.62227183333334
597,157.62227183333334
598,157.62227183333334
599,157.62227183333334
600,157.62227183333334
601,157.62227183333334
602,157.62227183333334
603,157.62227183333334
604,157.62227183333334
605,157.62227183333334
606,157.62227183333334
607,157.62227183333334
608,157.62227183333334
609,157.62227183333334
610,157.62227183333334
611,157.62227183333334
612,157.62227183333334
613,157.62227183333334
614,157.62227183333334
615,157.62227183333334
616,157.62227183333334
617,157.62227183333334
618,157.62227183333334
619,157.62227183333334
620,157.62227183333334
621,157.62227183333334
622,157.62227183333334
623,157.62227183333334
624,157.62227183333334
625,157.62227183333334
626,157.62227183333334
627,157.62227183333334
628,157.62227183333334
629,157.62227183333334
630,157.62227183333334
631,157.62227183333334
632,157.62227183333334
633,157.62227183333334
634,157.62227183333334
635,157.62227183333334
636,157.62227183333334
637,157.62227183333334
638,157.62227183333334
639,157.62227183333334
640,157.62227183333334
641,157.62227183333334
642,157.62227183333334
643,157.62227183333334
644,157.62227183333334
645,157.62227183333334
646,157.62227183333334
647,157.62227183333334
648,157.62227183333334
649,157.62227183333334
650,157.62227183333334
651,157.62227183333334
652,157.62227183333334
653,157.62227183333334
654,157.62227183333334
655,157.62227183333334
656,157.62227183333334
657,157.62227183333334
658,157.62227183333334
659,157.62227183333334
660,157.62227183333334
661,157.62227183333334
662,157.62227183333334
663,157.62227183333334
664,157.62227183333334
665,157.62227183333334
666,157.62227183333334
667,157.62227183333334
668,157.62227183333334
669,157.62227183333334
670,157.62227183333334
671,157.62227183333334
672,157.62227183333334
673,157.62227183333334
674,157.62227183333334
675,157.62227183333334
676,157.62227183333334
677,157.62227183333334
678,157.62227183333334
679,157.62227183333334
680,157.62227183333334
681,157.62227183333334
682,157.62227183333334
683,157.62227183333334
684,157.62227183333334
685,157.62227183333334
686,157.62227183333334
687,157.62227183333334
688,157.62227183333334
689,157.62227183333334
690,157.62227183333334
691,157.62227183333334
692,157.62227183333334
693,157.62227183333334
694,157.62227183333334
695,157.62227183333334
696,157.62227183333334
697,159.13666514285714
698,159.13666514285714
699,159.13666514285714
700,159.13666514285714
701,159.13666514285714
702,159.13666514285714
703,159.13666514285714
704,159.13666514285714
705,159.13666514285714
706,159.13666514285714
707,159.13666514285714
708,159.13666514285714
709,159.13666514285714
710,159.13666514285714
711,159.13666514285714
712,159.13666514285714
713,159.13666514285714
714,159.13666514285714
715,159.13666514285714
716,159.13666514285714
717,159.13666514285714
718,159.13666514285714
719,159.13666514285714
720,159.13666514285714
721,159.13666514285714
722,159.13666514285714
723,159.13666514285714
724,159.13666514285714
725,159.13666514285714
726,159.13666514285714
727,159.13666514285714
728,159.13666514285714
729,159.13666514285714
730,159.13666514285714
731,159.13666514285714
732,159.13666514285714
733,159.13666514285714
734,159.13666514285714
735,159.13666514285714
736,159.13666514285714
737,159.13666514285714
738,159.13666514285714
739,159.13666514285714
740,159.13666514285714
741,159.13666514285714
742,159.13666514285714
743,159.13666514285714
744,159.13666514285714
745,159.13666514285714
746,159.13666514285714
747,159.13666514285714
748,159.13666514285714
749,159.13666514285714
750,159.13666514285714
751,159.13666514285714
752,159.13666514285714
753,159.13666514285714
754,159.13666514285714
755,159.13666514285714
756,159.13666514285714
757,159.13666514285714
758,159.13666514285714
759,159.13666514285714
760,159.13666514285714
761,159.13666514285714
762,159.13666514285714
763,159.13666514285714
764,159.13666514285714
765,159.13666514285714
766,159.13666514285714
767,159.13666514285714
768,159.13666514285714
769,159.13666514285714
770,159.13666514285714
771,159.13666514285714
772,159.13666514285714
773,159.13666514285714
774,159.13666514285714
775,159.13666514285714
776,159.13666514285714
777,159.13666514285714
778,159.13666514285714
779,159.13666514285714
780,159.13666514285714
781,159.13666514285714
782,159.13666514285714
783,159.13666514285714
784,159.13666514285714
785,159.13666514285714
786,159.13666514285714
787,159.13666514285714
788,159.13666514285714
789,159.13666514285714
790,157.65906212500002
791,157.65906212500002
792,157.65906212500002
793,157.65906212500002
794,157.65906212500002
795,157.65906212500002
796,157.65906212500002
797,157.65906212500002
798,157.65906212500002
799,157.65906212500002
800,157.65906212500002
801,157.65906212500002
802,157.65906212500002
803,157.65906212500002
804,157.65906212500002
805,157.65906212500002
806,157.65906212500002
807,157.65906212500002
808,157.65906212500002
809,157.65906212500002
810,157.65906212500002
811,157.65906212500002
812,157.65906212500002
813,157.65906212500002
814,157.65906212500002
815,157.65906212500002
816,157.65906212500002
817,157.65906212500002
818,157.65906212500002
819,157.65906212500002
820,157.65906212500002
821,157.65906212500002
822,157.65906212500002
823,157.65906212500002
824,157.65906212500002
825,157.65906212500002
826,157.65906212500002
827,157.65906212500002
828,157.65906212500002
829,157.65906212500002
830,157.65906212500002
831,157.65906212500002
832,157.65906212500002
833,157.65906212500002
834,157.65906212500002
835,157.65906212500002
836,157.65906212500002
837,157.65906212500002
838,157.65906212500002
839,157.65906212500002
840,157.65906212500002
841,157.65906212500002
842,157.65906212500002
843,157.65906212500002
844,157.65906212500002
845,157.65906212500002
846,157.65906212500002
847,157.65906212500002
848,157.65906212500002
849,157.65906212500002
850,157.65906212500002
851,157.65906212500002
852,157.65906212500002
853,157.65906212500002
854,157.65906212500002
855,157.65906212500002
856,157.65906212500002
857,157.65906212500002
858,157.65906212500002
859,157.65906212500002
860,157.65906212500002
861,157.65906212500002
862,157.65906212500002
863,157.65906212500002
864,157.65906212500002
865,157.65906212500002
866,157.65906212500002
867,157.65906212500002
868,157.65906212500002
869,157.65906212500002
870,157.65906212500002
871,157.65906212500002
872,157.65906212500002
873,157.65906212500002
874,157.65906212500002
875,157.65906212500002
876,157.65906212500002
877,157.65906212500002
878,157.65906212500002
879,157.65906212500002
880,157.65906212500002
881,157.65906212500002
882,156.32963155555558
883,156.32963155555558
884,156.32963155555558
885,156.32963155555558
886,156.32963155555558
887,156.32963155555558
888,156.32963155555558
889,156.32963155555558
890,156.32963155555558
891,156.32963155555558
892,156.32963155555558
893,156.32963155555558
894,156.32963155555558
895,156.32963155555558
896,156.32963155555558
897,156.32963155555558
898,156.32963155555558
899,156.32963155555558
900,156.32963155555558
901,156.32963155555558
902,156.32963155555558
903,156.32963155555558
904,156.32963155555558
905,156.32963155555558
906,156.32963155555558
907,156.32963155555558
908,156.32963155555558
909,156.32963155555558
910,156.32963155555558
911,156.32963155555558
912,156.32963155555558
913,156.32963155555558
914,156.32963155555558
915,156.32963155555558
916,156.32963155555558
917,156.32963155555558
918,156.32963155555558
919,156.32963155555558
920,156.32963155555558
921,156.32963155555558
922,156.32963155555558
923,156.32963155555558
924,156.32963155555558
925,156.32963155555558
926,156.32963155555558
927,156.32963155555558
928,156.32963155555558
929,156.32963155555558
930,156.32963155555558
931,156.32963155555558
932,156.32963155555558
933,156.32963155555558
934,156.32963155555558
935,156.32963155555558
936,156.32963155555558
937,156.32963155555558
938,156.32963155555558
939,156.32963155555558
940,156.32963155555558
941,156.32963155555558
942,156.32963155555558
943,156.32963155555558
944,156.32963155555558
945,156.32963155555558
946,156.32963155555558
947,156.32963155555558
948,156.32963155555558
949,156.32963155555558
950,156.32963155555558
951,156.32963155555558
952,156.32963155555558
953,156.32963155555558
954,156.32963155555558
955,156.32963155555558
956,156.32963155555558
957,156.32963155555558
958,156.32963155555558
959,156.32963155555558
960,156.32963155555558
961,156.32963155555558
962,156.32963155555558
963,156.32963155555558
964,156.32963155555558
965,156.32963155555558
966,156.32963155555558
967,156.32963155555558
968,156.32963155555558
969,156.32963155555558
970,156.32963155555558
971,156.32963155555558
972,156.32963155555558
973,156.32963155555558
974,156.32963155555558
975,156.32963155555558
976,156.32963155555558
977,156.32963155555558
978,156.32963155555558
979,156.32963155555558
980,156.32963155555558
981,156.32963155555558
982,156.32963155555558
983,156.32963155555558
984,156.32963155555558
985,156.32963155555558
986,156.32963155555558
987,156.32963155555558
988,156.32963155555558
989,156.32963155555558
990,156.32963155555558
991,156.32963155555558
992,156.32963155555558
993,156.32963155555558
994,156.32963155555558
995,156.32963155555558
996,156.32963155555558
997,156.32963155555558
998,156.32963155555558
999,156.32963155555558
1000,156.32963155555558
1001,156.32963155555558
1002,156.32963155555558
1003,156.32963155555558
1004,156.32963155555558
1005,156.32963155555558
1006,156.32963155555558
1007,156.32963155555558
1008,156.32963155555558
1009,156.32963155555558
1010,156.32963155555558
1011,156.32963155555558
1012,156.32963155555558
1013,156.32963155555558
1014,156.32963155555558
1015,156.32963155555558
1016,156.32963155555558
1017,156.32963155555558
1018,156.32963155555558
1019,156.32963155555558
1020,156.32963155555558
1021,156.32963155555558
1022,156.32963155555558
1023,156.32963155555558
1024,156.32963155555558
1025,156.32963155555558
1026,156.32963155555558
1027,156.32963155555558
1028,156.32963155555558
1029,156.32963155555558
1030,156.32963155555558
1031,156.32963155555558
1032,156.32963155555558
1033,156.32963155555558
1034,156.32963155555558
1035,156.32963155555558
1036,156.32963155555558
1037,156.32963155555558
1038,156.32963155555558
1039,156.32963155555558
1040,156.32963155555558
1041,156.32963155555558
1042,156.32963155555558
1043,156.32963155555558
1044,156.32963155555558
1045,156.32963155555558
1046,156.32963155555558
1047,169.4730987
1048,169.4730987
1049,169.4730987
1050,169.4730987
1051,169.4730987
1052,169.4730987
1053,169.4730987
1054,169.4730987
1055,169.4730987
1056,169.4730987
1057,169.4730987
1058,169.4730987
1059,169.4730987
1060,169.4730987
1061,169.4730987
1062,169.4730987
1063,169.4730987
1064,169.4730987
1065,169.4730987
1066,169.4730987
1067,169.4730987
1068,169.4730987
1069,169.4730987
1070,169.4730987
1071,169.4730987
1072,169.4730987
1073,169.4730987
1074,169.4730987
1075,169.4730987
1076,169.4730987
1077,169.4730987
1078,169.4730987
1079,169.4730987
1080,169.4730987
1081,169.4730987
1082,169.4730987
1083,169.4730987
1084,169.4730987
1085,169.4730987
1086,169.4730987
1087,169.4730987
1088,169.4730987
1089,169.4730987
1090,169.4730987
1091,169.4730987
1092,169.4730987
1093,169.4730987
1094,169.4730987
1095,169.4730987
1096,169.4730987
1097,169.4730987
1098,169.4730987
1099,169.4730987
1100,169.4730987
1101,169.4730987
1102,169.4730987
1103,169.4730987
1104,169.4730987
1105,169.4730987
1106,169.4730987
1107,169.4730987
1108,169.4730987
1109,169.4730987
1110,169.4730987
1111,169.4730987
1112,169.4730987
1113,169.4730987
1114,169.4730987
1115,169.4730987
1116,169.4730987
1117,169.4730987
1118,169.4730987
1119,169.4730987
1120,169.4730987
1121,169.4730987
1122,169.4730987
1123,169.4730987
1124,169.4730987
1125,169.4730987
1126,169.4730987
1127,169.4730987
1128,169.4730987
1129,169.4730987
1130,169.4730987
1131,169.4730987
1132,169.4730987
1133,169.4730987
1134,169.4730987
1135,169.4730987
1136,169.4730987
1137,169.4730987
1138,169.4730987
1139,169.4730987
1140,169.4730987
1141,169.4730987
1142,169.4730987
1143,169.4730987
1144,169.4730987
1145,169.4730987
1146,169.4730987
1147,169.4730987
1148,169.4730987
1149,169.4730987
1150,169.4730987
1151,169.4730987
1152,169.65070500000002
1153,169.65070500000002
1154,169.65070500000002
1155,169.65070500000002
1156,169.65070500000002
1157,169.65070500000002
1158,169.65070500000002
1159,169.65070500000002
1160,169.65070500000002
1161,169.65070500000002
1162,169.65070500000002
1163,169.65070500000002
1164,169.65070500000002
1165,169.65070500000002
1166,169.65070500000002
1167,169.65070500000002
1168,169.65070500000002
1169,169.65070500000002
1170,169.65070500000002
1171,169.65070500000002
1172,169.65070500000002
1173,169.65070500000002
1174,169.65070500000002
1175,169.65070500000002
1176,169.65070500000002
1177,169.65070500000002
1178,169.65070500000002
1179,169.65070500000002
1180,169.65070500000002
1181,169.65070500000002
1182,169.65070500000002
1183,169.65070500000002
1184,169.65070500000002
1185,169.65070500000002
1186,169.65070500000002
1187,169.65070500000002
1188,169.65070500000002
1189,169.65070500000002
1190,169.65070500000002
1191,169.65070500000002
1192,169.65070500000002
1193,169.65070500000002
1194,169.65070500000002
1195,169.65070500000002
1196,169.65070500000002
1197,169.65070500000002
1198,169.65070500000002
1199,169.65070500000002
1200,169.65070500000002
1201,169.65070500000002
1202,169.65070500000002
1203,169.65070500000002
1204,169.65070500000002
1205,169.65070500000002
1206,169.65070500000002
1207,169.65070500000002
1208,169.65070500000002
1209,169.65070500000002
1210,169.65070500000002
1211,169.65070500000002
1212,169.65070500000002
1213,169.65070500000002
1214,169.65070500000002
1215,169.65070500000002
1216,169.65070500000002
1217,169.65070500000002
1218,169.65070500000002
1219,169.65070500000002
1220,169.65070500000002
1221,169.65070500000002
1222,169.65070500000002
1223,169.65070500000002
1224,169.65070500000002
1225,169.65070500000002
1226,169.65070500000002
1227,169.65070500000002
1228,169.65070500000002
1229,169.65070500000002
1230,169.65070500000002
1231,169.65070500000002
1232,169.65070500000002
1233,169.65070500000002
1234,169.65070500000002
1235,169.65070500000002
1236,169.65070500000002
1237,169.65070500000002
1238,169.65070500000002
1239,169.65070500000002
1240,169.65070500000002
1241,169.65070500000002
1242,169.65070500000002
1243,169.65070500000002
1244,169.65070500000002
1245,169.65070500000002
1246,169.65070500000002
1247,169.65070500000002
1248,168.14814091666668
1249,168.14814091666668
1250,168.14814091666668
1251,168.14814091666668
1252,168.14814091666668
1253,168.14814091666668
1254,168.14814091666668
1255,168.14814091666668
1256,168.14814091666668
1257,168.14814091666668
1258,168.14814091666668
1259,168.14814091666668
1260,168.14814091666668
1261,168.14814091666668
1262,168.14814091666668
1263,168.14814091666668
1264,168.14814091666668
1265,168.14814091666668
1266,168.14814091666668
1267,168.14814091666668
1268,168.14814091666668
1269,168.14814091666668
1270,168.14814091666668
1271,168.14814091666668
1272,168.14814091666668
1273,168.14814091666668
1274,168.14814091666668
1275,168.14814091666668
1276,168.14814091666668
1277,168.14814091666668
1278,168.14814091666668
1279,168.14814091666668
1280,168.14814091666668
1281,168.14814091666668
1282,168.14814091666668
1283,168.14814091666668
1284,168.14814091666668
1285,168.14814091666668
1286,168.14814091666668
1287,168.14814091666668
1288,168.14814091666668
1289,168.14814091666668
1290,168.14814091666668
1291,168.14814091666668
1292,168.14814091666668
1293,168.14814091666668
1294,168.14814091666668
1295,168.14814091666668
1296,168.14814091666668
1297,168.14814091666668
1298,168.14814091666668
1299,168.14814091666668
1300,168.14814091666668
1301,168.14814091666668
1302,168.14814091666668
1303,168.14814091666668
1304,168.14814091666668
1305,168.14814091666668
1306,168.14814091666668
1307,168.14814091666668
1308,168.14814091666668
1309,168.14814091666668
1310,168.14814091666668
1311,168.14814091666668
1312,168.14814091666668
1313,168.14814091666668
1314,168.14814091666668
1315,168.14814091666668
1316,168.14814091666668
1317,168.14814091666668
1318,168.14814091666668
1319,168.14814091666668
1320,168.14814091666668
1321,168.14814091666668
1322,168.14814091666668
1323,168.14814091666668
1324,168.14814091666668
1325,168.14814091666668
1326,168.14814091666668
1327,168.14814091666668
1328,168.14814091666668
1329,168.14814091666668
1330,168.14814091666668
1331,168.14814091666668
1332,168.14814091666668
1333,168.14814091666668
1334,168.14814091666668
1335,168.14814091666668
1336,168.14814091666668
1337,168.14814091666668
1338,168.14814091666668
1339,168.14814091666668
1340,168.14814091666668
1341,168.14814091666668
1342,168.14814091666668
1343,168.14814091666668
1344,168.14814091666668
1345,168.14814091666668
1346,168.14814091666668
1347,168.14814091666668
1348,168.14814091666668
1349,168.14814091666668
1350,168.14814091666668
1351,168.14814091666668
1352,168.14814091666668
1353,168.14814091666668
1354,168.14814091666668
1355,168.14814091666668
1356,168.14814091666668
1357,168.14814091666668
1358,168.14814091666668
1359,168.14814091666668
1360,168.14814091666668
1361,168.14814091666668
1362,168.14814091666668
1363,168.14814091666668
1364,168.14814091666668
1365,168.14814091666668
1366,168.14814091666668
1367,168.14814091666668
1368,168.14814091666668
1369,168.14814091666668
1370,168.14814091666668
1371,168.14814091666668
1372,168.14814091666668
1373,168.14814091666668
1374,168.14814091666668
1375,168.14814091666668
1376,168.14814091666668
1377,168.14814091666668
1378,168.14814091666668
1379,168.14814091666668
1380,168.14814091666668
1381,168.14814091666668
1382,168.14814091666668
1383,168.14814091666668
1384,168.14814091666668
1385,168.14814091666668
1386,168.14814091666668
1387,168.14814091666668
1388,168.14814091666668
1389,168.14814091666668
1390,168.14814091666668
1391,168.14814091666668
1392,168.14814091666668
1393,168.14814091666668
1394,168.14814091666668
1395,168.14814091666668
1396,168.14814091666668
1397,168.14814091666668
1398,175.1168853846154
1399,175.1168853846154
1400,175.1168853846154
1401,175.1168853846154
1402,175.1168853846154
1403,175.1168853846154
1404,175.1168853846154
1405,175.1168853846154
1406,175.1168853846154
1407,175.1168853846154
1408,175.1168853846154
1409,175.1168853846154
1410,175.1168853846154
1411,175.1168853846154
1412,175.1168853846154
1413,175.1168853846154
1414,175.1168853846154
1415,175.1168853846154
1416,175.1168853846154
1417,175.1168853846154
1418,175.1168853846154
1419,175.1168853846154
1420,175.1168853846154
1421,175.1168853846154
1422,175.1168853846154
1423,175.1168853846154
1424,175.1168853846154
1425,175.1168853846154
1426,175.1168853846154
1427,175.1168853846154
1428,175.1168853846154
1429,175.1168853846154
1430,175.1168853846154
1431,175.1168853846154
1432,175.1168853846154
1433,175.1168853846154
1434,175.1168853846154
1435,175.1168853846154
1436,175.1168853846154
1437,175.1168853846154
1438,175.1168853846154
1439,175.1168853846154
1440,175.1168853846154
1441,175.1168853846154
1442,175.1168853846154
1443,175.1168853846154
1444,175.1168853846154
1445,175.1168853846154
1446,175.1168853846154
1447,175.1168853846154
1448,175.1168853846154
1449,175.1168853846154
1450,175.1168853846154
1451,175.1168853846154
1452,175.1168853846154
1453,175.1168853846154
1454,175.1168853846154
1455,175.1168853846154
1456,175.1168853846154
1457,175.1168853846154
1458,175.1168853846154
1459,175.1168853846154
1460,175.1168853846154
1461,175.1168853846154
1462,175.1168853846154
1463,175.1168853846154
1464,175.1168853846154
1465,175.1168853846154
1466,175.1168853846154
1467,175.1168853846154
1468,175.1168853846154
1469,175.1168853846154
1470,175.1168853846154
1471,175.1168853846154
1472,175.1168853846154
1473,175.1168853846154
1474,175.1168853846154
1475,175.1168853846154
1476,175.1168853846154
1477,175.1168853846154
1478,175.1168853846154
1479,175.1168853846154
1480,175.1168853846154
1481,175.1168853846154
1482,175.1168853846154
1483,175.1168853846154
1484,175.1168853846154
1485,175.1168853846154
1486,175.1168853846154
1487,175.1168853846154
1488,175.1168853846154
1489,175.1168853846154
1490,175.1168853846154
1491,175.1168853846154
1492,175.1168853846154
1493,175.1168853846154
1494,175.1168853846154
1495,175.1168853846154
1496,175.1168853846154
1497,175.1168853846154
1498,175.1168853846154
1499,175.1168853846154
1500,175.1168853846154
1501,175.1168853846154
1502,175.1168853846154
1503,175.1168853846154
1504,175.1168853846154
1505,175.1168853846154
1506,175.1168853846154
1507,175.1168853846154
1508,175.1168853846154
1509,175.1168853846154
1510,175.1168853846154
1511,175.1168853846154
1512,175.1168853846154
1513,175.1168853846154
1514,175.1168853846154
1515,175.1168853846154
1516,175.1168853846154
1517,175.1168853846154
1518,175.1168853846154
1519,175.1168853846154
1520,175.1168853846154
1521,175.1168853846154
1522,175.1168853846154
1523,175.1168853846154
1524,175.1168853846154
1525,175.1168853846154
1526,175.1168853846154
1527,175.1168853846154
1528,175.1168853846154
1529,175.1168853846154
1530,175.1168853846154
1531,175.1168853846154
1532,175.1168853846154
1533,175.1168853846154
1534,175.1168853846154
1535,175.1168853846154
1536,175.1168853846154
1537,175.1168853846154
1538,175.1168853846154
1539,175.1168853846154
1540,175.1168853846154
1541,175.1168853846154
1542,175.1168853846154
1543,175.1168853846154
1544,175.1168853846154
1545,175.1168853846154
1546,175.1168853846154
1547,175.1168853846154
1548,175.1168853846154
1549,175.1168853846154
1550,175.1168853846154
1551,175.1168853846154
1552,181.87207085714286
1553,181.87207085714286
1554,181.87207085714286
1555,181.87207085714286
1556,181.87207085714286
1557,181.87207085714286
1558,181.87207085714286
1559,181.87207085714286
1560,181.87207085714286
1561,181.87207085714286
1562,181.87207085714286
1563,181.87207085714286
1564,181.87207085714286
1565,181.87207085714286
1566,181.87207085714286
1567,181.87207085714286
1568,181.87207085714286
1569,181.87207085714286
1570,181.87207085714286
1571,181.87207085714286
1572,181.87207085714286
1573,181.87207085714286
1574,181.87207085714286
1575,181.87207085714286
1576,181.87207085714286
1577,181.87207085714286
1578,181.87207085714286
1579,181.87207085714286
1580,181.87207085714286
1581,181.87207085714286
1582,181.87207085714286
1583,181.87207085714286
1584,181.87207085714286
1585,181.87207085714286
1586,181.87207085714286
1587,181.87207085714286
1588,181.87207085714286
1589,181.87207085714286
1590,181.87207085714286
1591,181.87207085714286
1592,181.87207085714286
1593,181.87207085714286
1594,181.87207085714286
1595,181.87207085714286
1596,181.87207085714286
1597,181.87207085714286
1598,181.87207085714286
1599,181.87207085714286
1600,181.87207085714286
1601,181.87207085714286
1602,181.87207085714286
1603,181.87207085714286
1604,181.87207085714286
1605,181.87207085714286
1606,181.87207085714286
1607,181.87207085714286
1608,181.87207085714286
1609,181.87207085714286
1610,181.87207085714286
1611,181.87207085714286
1612,181.87207085714286
1613,181.87207085714286
1614,181.87207085714286
1615,181.87207085714286
1616,181.87207085714286
1617,181.87207085714286
1618,181.87207085714286
1619,181.87207085714286
1620,181.87207085714286
1621,181.87207085714286
1622,181.87207085714286
1623,181.87207085714286
1624,181.87207085714286
1625,181.87207085714286
1626,181.87207085714286
1627,181.87207085714286
1628,181.87207085714286
1629,181.87207085714286
1630,181.87207085714286
1631,181.87207085714286
1632,181.87207085714286
1633,181.87207085714286
1634,181.87207085714286
1635,181.87207085714286
1636,181.87207085714286
1637,181.87207085714286
1638,181.87207085714286
1639,181.87207085714286
1640,181.87207085714286
1641,181.87207085714286
1642,181.87207085714286
1643,181.87207085714286
1644,181.87207085714286
1645,181.87207085714286
1646,181.87207085714286
1647,181.87207085714286
1648,181.87207085714286
1649,181.87207085714286
1650,181.87207085714286
1651,181.87207085714286
1652,181.87207085714286
1653,181.87207085714286
1654,181.87207085714286
1655,181.87207085714286
1656,181.87207085714286
1657,181.87207085714286
1658,181.87207085714286
1659,181.87207085714286
1660,181.87207085714286
1661,181.87207085714286
1662,181.87207085714286
1663,181.87207085714286
1664,181.87207085714286
1665,181.87207085714286
1666,181.87207085714286
1667,181.87207085714286
1668,181.87207085714286
1669,181.87207085714286
1670,181.87207085714286
1671,181.87207085714286
1672,181.87207085714286
1673,181.87207085714286
1674,181.87207085714286
1675,181.87207085714286
1676,181.87207085714286
1677,181.87207085714286
1678,181.87207085714286
1679,181.87207085714286
1680,181.87207085714286
1681,181.87207085714286
1682,181.87207085714286
1683,181.87207085714286
1684,181.87207085714286
1685,181.87207085714286
1686,181.87207085714286
1687,181.87207085714286
1688,181.87207085714286
1689,181.87207085714286
1690,181.87207085714286
1691,181.87207085714286
1692,181.87207085714286
1693,181.87207085714286
1694,181.87207085714286
1695,181.87207085714286
1696,181.87207085714286
1697,181.87207085714286
1698,181.87207085714286
1699,181.87207085714286
1700,181.87207085714286
1701,181.87207085714286
1702,181.87207085714286
1703,181.87207085714286
1704,181.87207085714286
1705,181.87207085714286
1706,181.87207085714286
1707,181.87207085714286
1708,181.87207085714286
1709,181.87207085714286
1710,181.87207085714286
1711,181.87207085714286
1712,181.87207085714286
1713,181.87207085714286
1714,181.87207085714286
1715,181.87207085714286
1716,181.87207085714286
1717,181.87207085714286
1718,181.87207085714286
1719,181.87207085714286
1720,181.87207085714286
1721,181.87207085714286
1722,181.87207085714286
1723,181.87207085714286
1724,181.87207085714286
1725,181.87207085714286
1726,181.87207085714286
1727,181.87207085714286
1728,181.87207085714286
1729,181.87207085714286
1730,181.87207085714286
1731,181.87207085714286
1732,181.87207085714286
1733,181.87207085714286
1734,191.53244033333334
1735,191.53244033333334
1736,191.53244033333334
1737,191.53244033333334
1738,191.53244033333334
1739,191.53244033333334
1740,191.53244033333334
1741,191.53244033333334
1742,191.53244033333334
1743,191.53244033333334
1744,191.53244033333334
1745,191.53244033333334
1746,191.53244033333334
1747,191.53244033333334
1748,191.53244033333334
1749,191.53244033333334
1750,191.53244033333334
1751,191.53244033333334
1752,191.53244033333334
1753,191.53244033333334
1754,191.53244033333334
1755,191.53244033333334
1756,191.53244033333334
1757,191.53244033333334
1758,191.53244033333334
1759,191.53244033333334
1760,191.53244033333334
1761,191.53244033333334
1762,191.53244033333334
1763,191.53244033333334
1764,191.53244033333334
1765,191.53244033333334
1766,191.53244033333334
1767,191.53244033333334
1768,191.53244033333334
1769,191.53244033333334
1770,191.53244033333334
1771,191.53244033333334
1772,191.53244033333334
1773,191.53244033333334
1774,191.53244033333334
1775,191.53244033333334
1776,191.53244033333334
1777,191.53244033333334
1778,191.53244033333334
1779,191.53244033333334
1780,191.53244033333334
1781,191.53244033333334
1782,191.53244033333334
1783,191.53244033333334
1784,191.53244033333334
1785,191.53244033333334
1786,191.53244033333334
1787,191.53244033333334
1788,191.53244033333334
1789,191.53244033333334
1790,191.53244033333334
1791,191.53244033333334
1792,191.53244033333334
1793,191.53244033333334
1794,191.53244033333334
1795,191.53244033333334
1796,191.53244033333334
1797,191.53244033333334
1798,191.53244033333334
1799,191.53244033333334
1800,191.53244033333334
1801,191.53244033333334
1802,191.53244033333334
1803,191.53244033333334
1804,191.53244033333334
1805,191.53244033333334
1806,191.53244033333334
1807,191.53244033333334
1808,191.53244033333334
1809,191.53244033333334
1810,191.53244033333334
1811,191.53244033333334
1812,191.53244033333334
1813,191.53244033333334
1814,191.53244033333334
1815,191.53244033333334
1816,191.53244033333334
1817,191.53244033333334
1818,191.53244033333334
1819,191.53244033333334
1820,191.53244033333334
1821,191.53244033333334
1822,191.53244033333334
1823,188.3262444375
1824,188.3262444375
1825,188.3262444375
1826,188.3262444375
1827,188.3262444375
1828,188.3262444375
1829,188.3262444375
1830,188.3262444375
1831,188.3262444375
1832,188.3262444375
1833,188.3262444375
1834,188.3262444375
1835,188.3262444375
1836,188.3262444375
1837,188.3262444375
1838,188.3262444375
1839,188.3262444375
1840,188.3262444375
1841,188.3262444375
1842,188.3262444375
1843,188.3262444375
1844,188.3262444375
1845,188.3262444375
1846,188.3262444375
1847,188.3262444375
1848,188.3262444375
1849,188.3262444375
1850,188.3262444375
1851,188.3262444375
1852,188.3262444375
1853,188.3262444375
1854,188.3262444375
1855,188.3262444375
1856,188.3262444375
1857,188.3262444375
1858,188.3262444375
1859,188.3262444375
1860,188.3262444375
1861,188.3262444375
1862,188.3262444375
1863,188.3262444375
1864,188.3262444375
1865,188.3262444375
1866,188.3262444375
1867,188.3262444375
1868,188.3262444375
1869,188.3262444375
1870,188.3262444375
1871,188.3262444375
1872,188.3262444375
1873,188.3262444375
1874,188.3262444375
1875,188.3262444375
1876,188.3262444375
1877,188.3262444375
1878,188.3262444375
1879,188.3262444375
1880,188.3262444375
1881,188.3262444375
1882,188.3262444375
1883,188.3262444375
1884,188.3262444375
1885,188.3262444375
1886,188.3262444375
1887,188.3262444375
1888,188.3262444375
1889,188.3262444375
1890,188.3262444375
1891,188.3262444375
1892,188.3262444375
1893,188.3262444375
1894,188.3262444375
1895,188.3262444375
1896,188.3262444375
1897,188.3262444375
1898,188.3262444375
1899,188.3262444375
1900,188.3262444375
1901,188.3262444375
1902,188.3262444375
1903,188.3262444375
1904,188.3262444375
1905,188.3262444375
1906,188.3262444375
1907,188.3262444375
1908,188.3262444375
1909,188.3262444375
1910,188.3262444375
1911,188.3262444375
1912,188.3262444375
1913,188.3262444375
1914,188.3262444375
1915,188.3262444375
1916,188.3262444375
1917,186.11314094117648
1918,186.11314094117648
1919,186.11314094117648
1920,186.11314094117648
1921,186.11314094117648
1922,186.11314094117648
1923,186.11314094117648
1924,186.11314094117648
1925,186.11314094117648
1926,186.11314094117648
1927,186.11314094117648
1928,186.11314094117648
1929,186.11314094117648
1930,186.11314094117648
1931,186.11314094117648
1932,186.11314094117648
1933,186.11314094117648
1934,186.11314094117648
1935,186.11314094117648
1936,186.11314094117648
1937,186.11314094117648
1938,186.11314094117648
1939,186.11314094117648
1940,186.11314094117648
1941,186.11314094117648
1942,186.11314094117648
1943,186.11314094117648
1944,186.11314094117648
1945,186.11314094117648
1946,186.11314094117648
1947,186.11314094117648
1948,186.11314094117648
1949,186.11314094117648
1950,186.11314094117648
1951,186.11314094117648
1952,186.11314094117648
1953,186.11314094117648
1954,186.11314094117648
1955,186.11314094117648
1956,186.11314094117648
1957,186.11314094117648
1958,186.11314094117648
1959,186.11314094117648
1960,186.11314094117648
1961,186.11314094117648
1962,186.11314094117648
1963,186.11314094117648
1964,186.11314094117648
1965,186.11314094117648
1966,186.11314094117648
1967,186.11314094117648
1968,186.11314094117648
1969,186.11314094117648
1970,186.11314094117648
1971,186.11314094117648
1972,186.11314094117648
1973,186.11314094117648
1974,186.11314094117648
1975,186.11314094117648
1976,186.11314094117648
1977,186.11314094117648
1978,186.11314094117648
1979,186.11314094117648
1980,186.11314094117648
1981,186.11314094117648
1982,186.11314094117648
1983,186.11314094117648
1984,186.11314094117648
1985,186.11314094117648
1986,186.11314094117648
1987,186.11314094117648
1988,186.11314094117648
1989,186.11314094117648
1990,186.11314094117648
1991,186.11314094117648
1992,186.11314094117648
1993,186.11314094117648
1994,186.11314094117648
1995,186.11314094117648
1996,186.11314094117648
1997,186.11314094117648
1998,186.11314094117648
1999,186.11314094117648
2000,186.11314094117648
2001,186.11314094117648
2002,186.11314094117648
2003,186.11314094117648
2004,186.11314094117648
2005,186.11314094117648
2006,186.11314094117648
2007,186.11314094117648
2008,186.11314094117648
2009,186.11314094117648
2010,186.11314094117648
2011,186.11314094117648
2012,186.11314094117648
2013,186.11314094117648
2014,186.11314094117648
2015,186.11314094117648
2016,186.11314094117648
2017,186.11314094117648
2018,186.11314094117648
2019,186.11314094117648
2020,186.11314094117648
2021,186.11314094117648
2022,186.11314094117648
2023,185.3442173888889
2024,185.3442173888889
2025,185.3442173888889
2026,185.3442173888889
2027,185.3442173888889
2028,185.3442173888889
2029,185.3442173888889
2030,185.3442173888889
2031,185.3442173888889
2032,185.3442173888889
2033,185.3442173888889
2034,185.3442173888889
2035,185.3442173888889
2036,185.3442173888889
2037,185.3442173888889
2038,185.3442173888889
2039,185.3442173888889
2040,185.3442173888889
2041,185.3442173888889
2042,185.3442173888889
2043,185.3442173888889
2044,185.3442173888889
2045,185.3442173888889
2046,185.3442173888889
2047,185.3442173888889
2048,185.3442173888889
